id;title;content;publish_date;created_by;created_date;last_modified_by;last_modified_date
1;drat;../fake-data/blob/hipster.txt;2024-07-16;interest ew ack;2024-07-16T12:01:32;huzzah meatball;2024-07-16T15:35:02
2;unimportant;../fake-data/blob/hipster.txt;2024-07-16;haunting;2024-07-15T22:17:38;between physics ligate;2024-07-16T03:47:02
3;beneficial;../fake-data/blob/hipster.txt;2024-07-16;valid midst fearful;2024-07-16T03:36:28;since toe oh;2024-07-16T00:00:31
4;quota needily;../fake-data/blob/hipster.txt;2024-07-16;however upbeat;2024-07-16T09:25:43;brr;2024-07-16T17:25:06
5;amongst unkempt;../fake-data/blob/hipster.txt;2024-07-16;ham extremely woeful;2024-07-16T06:15:44;incredible handsome;2024-07-16T14:20:53
6;at hence;../fake-data/blob/hipster.txt;2024-07-15;greatly;2024-07-16T13:03:19;prickly mutation authenticity;2024-07-16T17:13:58
7;alive maim;../fake-data/blob/hipster.txt;2024-07-16;brr;2024-07-16T07:36:50;as;2024-07-15T21:56:50
8;before tag;../fake-data/blob/hipster.txt;2024-07-16;incidentally wherever;2024-07-16T07:44:27;thoroughly which;2024-07-16T01:01:09
9;consequently;../fake-data/blob/hipster.txt;2024-07-16;slink above second-hand;2024-07-16T10:49:10;unless swagger flintlock;2024-07-16T18:50:28
10;obedient subcontract;../fake-data/blob/hipster.txt;2024-07-16;which ruin meanwhile;2024-07-16T10:13:24;exalted;2024-07-16T15:19:19
