id;name;description;due_date;created_by;created_date;last_modified_by;last_modified_date
1;before helpfully grenade;../fake-data/blob/hipster.txt;2024-07-16;yum shoddy;2024-07-16T08:31:36;aw happily;2024-07-16T13:47:34
2;mutton photocopy behind;../fake-data/blob/hipster.txt;2024-07-16;alphabetise bicycle er;2024-07-16T17:12:55;yahoo;2024-07-16T04:56:08
3;provided how;../fake-data/blob/hipster.txt;2024-07-15;blah underpass;2024-07-16T15:22:20;ick wick;2024-07-16T02:38:20
4;till kookily;../fake-data/blob/hipster.txt;2024-07-16;until;2024-07-16T02:23:44;under bus warmly;2024-07-16T08:31:44
5;gosh plus unless;../fake-data/blob/hipster.txt;2024-07-16;suspect primary highly;2024-07-16T01:33:42;array;2024-07-16T12:01:13
6;phew investigation;../fake-data/blob/hipster.txt;2024-07-16;seemingly;2024-07-16T06:33:39;murmuring;2024-07-16T01:20:44
7;aha onto hard;../fake-data/blob/hipster.txt;2024-07-16;flop loudly bah;2024-07-16T17:40:36;grim;2024-07-15T23:11:18
8;amid meh drat;../fake-data/blob/hipster.txt;2024-07-16;ruler zowie;2024-07-16T12:29:34;underneath that boo;2024-07-16T16:29:48
9;save partridge;../fake-data/blob/hipster.txt;2024-07-16;ick pish besides;2024-07-16T16:40:32;after boohoo;2024-07-16T19:39:24
10;physically weakly acclaim;../fake-data/blob/hipster.txt;2024-07-16;ugh;2024-07-16T18:11:59;neatly and finally;2024-07-16T16:35:53
