id;name;description;start_date;end_date;created_by;created_date;last_modified_by;last_modified_date
1;annual grubby;../fake-data/blob/hipster.txt;2024-07-16;2024-07-16;successfully that merrily;2024-07-16T08:25:12;few;2024-07-15T21:44:03
2;healthily molder or;../fake-data/blob/hipster.txt;2024-07-16;2024-07-16;hybridize why acidify;2024-07-16T15:21:09;killer command rigidly;2024-07-16T19:39:39
3;apud wherever;../fake-data/blob/hipster.txt;2024-07-16;2024-07-16;ah;2024-07-16T18:05:12;sadly;2024-07-16T09:48:24
4;where likewise forceful;../fake-data/blob/hipster.txt;2024-07-16;2024-07-16;ugh;2024-07-16T07:17:02;preserves seriously versus;2024-07-16T18:42:35
5;messenger besides;../fake-data/blob/hipster.txt;2024-07-16;2024-07-16;inasmuch;2024-07-15T23:02:24;like sentence corner;2024-07-16T13:12:21
6;unwieldy;../fake-data/blob/hipster.txt;2024-07-16;2024-07-16;supposing;2024-07-16T18:14:01;solemnly till;2024-07-16T08:50:09
7;commemorate psst;../fake-data/blob/hipster.txt;2024-07-16;2024-07-16;snicker yum woefully;2024-07-16T08:00:36;oh leash;2024-07-16T02:14:14
8;driveway ouch;../fake-data/blob/hipster.txt;2024-07-16;2024-07-16;blah unless pound;2024-07-16T07:16:06;incidentally stifle;2024-07-15T21:09:38
9;melodic ick;../fake-data/blob/hipster.txt;2024-07-16;2024-07-16;conserve hm cleverly;2024-07-16T00:03:23;overconfidently once upbeat;2024-07-16T08:44:28
10;unlike broccoli;../fake-data/blob/hipster.txt;2024-07-16;2024-07-16;attack between tenderly;2024-07-16T16:57:22;sum;2024-07-16T19:19:38
