id;topic;details;created_by;created_date;last_modified_by;last_modified_date
1;devil than slimy;../fake-data/blob/hipster.txt;bitterly;2024-07-15T20:52:17;savings;2024-07-16T04:48:52
2;lest hence into;../fake-data/blob/hipster.txt;potentially whether;2024-07-16T10:03:26;patiently;2024-07-16T06:25:16
3;somersault phooey gesture;../fake-data/blob/hipster.txt;like following;2024-07-15T22:09:35;gosh wallpaper;2024-07-16T11:59:55
4;against ack plus;../fake-data/blob/hipster.txt;afore wind ew;2024-07-16T03:16:30;provoke toboggan blench;2024-07-16T10:03:18
5;unless;../fake-data/blob/hipster.txt;inasmuch terribly naughty;2024-07-16T02:07:51;yippee belated;2024-07-16T15:46:03
6;who pertinent;../fake-data/blob/hipster.txt;keen crafty salt;2024-07-16T03:07:32;spend;2024-07-16T12:04:26
7;although almost handy;../fake-data/blob/hipster.txt;pfft redound buy;2024-07-16T13:21:19;rumble resurface;2024-07-16T04:53:31
8;basic boo;../fake-data/blob/hipster.txt;and esteemed mid;2024-07-15T23:54:39;dry;2024-07-15T21:33:01
9;pentagon acceptable;../fake-data/blob/hipster.txt;innocently deeply mmm;2024-07-16T11:54:17;amid astride near;2024-07-16T00:37:14
10;outset;../fake-data/blob/hipster.txt;phew;2024-07-15T22:33:17;spirit infrastructure;2024-07-16T17:08:29
