id;content;timestamp;sender;created_by;created_date;last_modified_by;last_modified_date
1;../fake-data/blob/hipster.txt;2024-07-16T02:35:48;damp;mess;2024-07-16T09:55:49;instead;2024-07-16T01:32:53
2;../fake-data/blob/hipster.txt;2024-07-15T20:50:31;outside grouch metro;curiously ah;2024-07-16T06:55:44;aha;2024-07-16T05:33:46
3;../fake-data/blob/hipster.txt;2024-07-16T00:05:29;aw;per oof sympathetically;2024-07-16T07:26:47;finally;2024-07-16T03:33:31
4;../fake-data/blob/hipster.txt;2024-07-16T04:02:43;ouch carelessly sophisticated;invent not;2024-07-15T23:25:14;triangular;2024-07-16T07:57:52
5;../fake-data/blob/hipster.txt;2024-07-16T02:37:02;furthermore finally energetically;helpful;2024-07-16T04:21:46;till atelier;2024-07-16T13:23:43
6;../fake-data/blob/hipster.txt;2024-07-16T04:39:27;behind;incidentally eek;2024-07-16T09:03:07;nor lest;2024-07-16T04:07:20
7;../fake-data/blob/hipster.txt;2024-07-16T09:29:42;a lightly cook;gown plus giant;2024-07-16T18:48:38;negotiation ruins;2024-07-16T01:40:02
8;../fake-data/blob/hipster.txt;2024-07-15T23:21:47;badly pfft;arrow show mushy;2024-07-16T17:31:01;required machine;2024-07-16T06:48:56
9;../fake-data/blob/hipster.txt;2024-07-16T06:23:19;barring;energy per etch;2024-07-16T01:09:10;throughout incidentally;2024-07-16T11:25:53
10;../fake-data/blob/hipster.txt;2024-07-16T14:51:29;colorfully minus;fooey ill pricey;2024-07-16T09:12:27;for badly allot;2024-07-16T17:15:41
