id;title;description;created_by;created_date;last_modified_by;last_modified_date
1;yahoo excepting;../fake-data/blob/hipster.txt;beneath almost;2024-07-16T02:57:30;bah;2024-07-16T06:33:41
2;supposing whoever;../fake-data/blob/hipster.txt;gadzooks whopping pish;2024-07-16T07:49:39;thoughtfully;2024-07-16T12:53:54
3;gee;../fake-data/blob/hipster.txt;counterpoint independence break;2024-07-15T23:26:57;burly;2024-07-16T16:37:39
4;otter selection;../fake-data/blob/hipster.txt;excluding oh;2024-07-16T08:58:45;barring;2024-07-15T20:24:38
5;intentional;../fake-data/blob/hipster.txt;yippee;2024-07-16T05:28:09;overcook thoroughly;2024-07-16T11:23:59
6;know-how barring while;../fake-data/blob/hipster.txt;enlightened lightly;2024-07-16T04:10:44;and;2024-07-16T03:19:24
7;these;../fake-data/blob/hipster.txt;alongside outback illusion;2024-07-16T07:46:15;theology provided;2024-07-16T02:58:13
8;mattress yum;../fake-data/blob/hipster.txt;establish cut wise;2024-07-16T05:30:05;times hmph strew;2024-07-15T21:11:49
9;till;../fake-data/blob/hipster.txt;aha soon;2024-07-15T21:04:01;psst finally crush;2024-07-16T06:11:00
10;improbable gleefully;../fake-data/blob/hipster.txt;fairly subtitle;2024-07-16T15:28:21;pish on plastic;2024-07-16T01:47:15
